{
  "data" : {
    "lookups" : [
      "free-text",
      "keywords"
    ],
    "name" : "pregunta",
    "lang" : "es",
    "exotic" : false,
    "id" : "pregunta",
    "values" : [
      {
        "value" : "como",
        "expressions" : [
          "como"
        ]
      },
      {
        "value" : "cual",
        "expressions" : [
          "cual"
        ]
      },
      {
        "value" : "porque",
        "expressions" : [
          "porque"
        ]
      },
      {
        "value" : "puedo",
        "expressions" : [
          "puedo"
        ]
      }
    ],
    "doc" : "User-defined entity",
    "builtin" : false
  }
}