{
  "data" : {
    "lookups" : [
      "free-text",
      "keywords"
    ],
    "name" : "actividadDeportiva",
    "lang" : "es",
    "exotic" : false,
    "id" : "actividadDeportiva",
    "values" : [
      {
        "value" : "andar en bicicleta",
        "expressions" : [
          "andar en bici",
          "andar en bicicleta",
          "salir en bici",
          "voy en bici",
          "voy en bicicleta"
        ]
      },
      {
        "value" : "ejercitarme",
        "expressions" : [
          "actividades al aire libre",
          "ejercicio al aire libre",
          "ejercitarme",
          "ejercitarme al aire libre",
          "ejercitarte",
          "entrenar al aire libre",
          "salir a realizar ejercicio"
        ]
      },
      {
        "value" : "hacer ejercicio",
        "expressions" : [
          "hacer ejercicio"
        ]
      },
      {
        "value" : "salir",
        "expressions" : [
          "salir"
        ]
      },
      {
        "value" : "salir a caminar",
        "expressions" : [
          "andar a pie",
          "caminata al aire libre",
          "deambulando",
          "deambular",
          "paseo a pie",
          "realizo una caminata",
          "recorrido a pie",
          "salir a caminar",
          "voy caminando"
        ]
      },
      {
        "value" : "salir a correr",
        "expressions" : [
          "estoy trotando",
          "ir a correr",
          "saldre a correr",
          "salir a correr",
          "voy corriendo"
        ]
      },
      {
        "value" : "salir a jugar",
        "expressions" : [
          "hechar una reta",
          "ire a jugar fut",
          "jugar football",
          "salir a jugar",
          "voy a un partido"
        ]
      },
      {
        "value" : "salir a la calle",
        "expressions" : [
          "salir a la calle"
        ]
      },
      {
        "value" : "salir a realizar ejercicio",
        "expressions" : [
          "salir a realizar ejercicio"
        ]
      },
      {
        "value" : "salir al aire libre",
        "expressions" : [
          "pasear al aire libre",
          "sacó",
          "salir al aire libre",
          "tomar aire fresco"
        ]
      }
    ],
    "doc" : "User-defined entity",
    "builtin" : false
  }
}