{
  "data" : {
    "lookups" : [
      "free-text",
      "keywords"
    ],
    "name" : "E_CalidadAire",
    "lang" : "es",
    "exotic" : false,
    "id" : "E_CalidadAire",
    "values" : [
      {
        "value" : "aire",
        "expressions" : [
          "aire"
        ]
      },
      {
        "value" : "aire libre",
        "expressions" : [
          "aire libre"
        ]
      },
      {
        "value" : "calidad aire",
        "expressions" : [
          "calidad aire"
        ]
      },
      {
        "value" : "calidad del aire",
        "expressions" : [
          "calidad del aire"
        ]
      },
      {
        "value" : "calidad del clima",
        "expressions" : [
          "calidad del clima",
          "clima",
          "cálidad del clima"
        ]
      },
      {
        "value" : "condicion metereologica",
        "expressions" : [
          "condicion metereologica"
        ]
      },
      {
        "value" : "contaminación",
        "expressions" : [
          "CO",
          "CO2",
          "co",
          "co2",
          "contaminacion",
          "contaminación",
          "contingencia",
          "contingencia ambiental",
          "emergencia ambiental",
          "peligro ambiental",
          "polucion del aire",
          "polucion del viento",
          "polución del aire",
          "polución del viento",
          "riesgo ambiental"
        ]
      },
      {
        "value" : "cálidad del aire",
        "expressions" : [
          "aire libre",
          "calidad del viento",
          "condicion ambiental",
          "condicion del aire",
          "condición ambiental",
          "condición del aire",
          "condición del viento",
          "cálidad del aire",
          "cálidad del viento"
        ]
      },
      {
        "value" : "indice metropolitano de la calidad del aire",
        "expressions" : [
          "imeca",
          "imecas",
          "indice metropolitano de la calidad del aire",
          "puntos de imecas",
          "puntos imecas"
        ]
      },
      {
        "value" : "radiacion",
        "expressions" : [
          "asolear",
          "asolearse",
          "broncearse",
          "proteccion solar",
          "rayos uv",
          "tomar el sol"
        ]
      },
      {
        "value" : "radiacion solar",
        "expressions" : [
          "radiacion solar"
        ]
      }
    ],
    "doc" : "User-defined entity",
    "builtin" : false
  }
}