{
  "data" : {
    "lookups" : [
      "free-text",
      "keywords"
    ],
    "name" : "E_Despedida",
    "lang" : "es",
    "exotic" : false,
    "id" : "E_Despedida",
    "values" : [
      {
        "value" : "Adiós",
        "expressions" : [
          "Adiós"
        ]
      },
      {
        "value" : "adios",
        "expressions" : [
          "Adioa",
          "adios"
        ]
      },
      {
        "value" : "bye",
        "expressions" : [
          "bye"
        ]
      },
      {
        "value" : "chao",
        "expressions" : [
          "chao"
        ]
      },
      {
        "value" : "¡adios!",
        "expressions" : [
          "¡adios!"
        ]
      }
    ],
    "doc" : "User-defined entity",
    "builtin" : false
  }
}