{
  "data" : {
    "lookups" : [
      "free-text",
      "keywords"
    ],
    "name" : "E_Identidad",
    "lang" : "es",
    "exotic" : false,
    "id" : "E_Identidad",
    "values" : [
      {
        "value" : "A que te dedicas",
        "expressions" : [
          "A que te dedicas"
        ]
      },
      {
        "value" : "Como te llamas",
        "expressions" : [
          "Como te llamas",
          "como te lla"
        ]
      },
      {
        "value" : "En que me puedes ayudar",
        "expressions" : [
          "En que me puedes ayudar"
        ]
      },
      {
        "value" : "En que puedes ayudarme",
        "expressions" : [
          "En que puedes ayudarme"
        ]
      },
      {
        "value" : "Solo sabes hacer eso",
        "expressions" : [
          "Solo sabes hacer eso"
        ]
      },
      {
        "value" : "como estas?",
        "expressions" : [
          "como estas?"
        ]
      },
      {
        "value" : "en que me puedes apoyar",
        "expressions" : [
          "en que me puedes apoyar"
        ]
      },
      {
        "value" : "que haces",
        "expressions" : [
          "que haces"
        ]
      },
      {
        "value" : "que sabes hacer",
        "expressions" : [
          "que sabes hacer"
        ]
      }
    ],
    "doc" : "User-defined entity",
    "builtin" : false
  }
}