{
  "data" : {
    "lookups" : [
      "free-text",
      "keywords"
    ],
    "name" : "E_Saludo",
    "lang" : "es",
    "exotic" : false,
    "id" : "E_Saludo",
    "values" : [
      {
        "value" : "Buenas noches",
        "expressions" : [
          "Buenas noches",
          "buena noche",
          "buenas noche"
        ]
      },
      {
        "value" : "Buenas tardes",
        "expressions" : [
          "Buenas tardes",
          "buena tarde"
        ]
      },
      {
        "value" : "Buenos Dias",
        "expressions" : [
          "Buenos Dias",
          "buen dia"
        ]
      },
      {
        "value" : "Que tal",
        "expressions" : [
          "Que tal",
          "como vas, que haciendo"
        ]
      },
      {
        "value" : "Qué tal",
        "expressions" : [
          "Qué tal"
        ]
      },
      {
        "value" : "hola",
        "expressions" : [
          "hola"
        ]
      }
    ],
    "doc" : "User-defined entity",
    "builtin" : false
  }
}