{
  "data" : {
    "lookups" : [
      "trait"
    ],
    "name" : "intent",
    "lang" : "es",
    "exotic" : false,
    "id" : "intent",
    "values" : [
      {
        "value" : "I_Animo"
      },
      {
        "value" : "I_CalidadAire"
      },
      {
        "value" : "I_Despedida"
      },
      {
        "value" : "I_Identidad"
      },
      {
        "value" : "I_Noentiendo"
      },
      {
        "value" : "I_Saludo"
      }
    ],
    "doc" : "User-defined entity",
    "builtin" : false
  }
}