{
  "data" : {
    "lookups" : [
      "free-text",
      "keywords"
    ],
    "name" : "ubicaciones",
    "lang" : "es",
    "exotic" : false,
    "id" : "ubicaciones",
    "values" : [
      {
        "value" : "Benito Juarez",
        "expressions" : [
          "Benito Juarez"
        ]
      },
      {
        "value" : "CDMX",
        "expressions" : [
          "CDMX",
          "Ciudad de Mexico",
          "area metropolitana",
          "cdmx",
          "ciudad",
          "ciudad de México",
          "ciudad de mexic",
          "ciudad de mexico",
          "d.f.",
          "df",
          "distrito",
          "distrito federal",
          "megalopolis",
          "metropolis",
          "valle de México",
          "valle de mexico"
        ]
      },
      {
        "value" : "Cuauhtemoc",
        "expressions" : [
          "Cuauhtemoc"
        ]
      },
      {
        "value" : "Cuauhtémoc",
        "expressions" : [
          "Cuauhtémoc"
        ]
      },
      {
        "value" : "Nezahualcoyotl",
        "expressions" : [
          "Neza",
          "Nezahualcoyotl"
        ]
      },
      {
        "value" : "alvaro Obregón",
        "expressions" : [
          "alvaro Obregón"
        ]
      },
      {
        "value" : "coyoacan",
        "expressions" : [
          "coyoacan"
        ]
      },
      {
        "value" : "cuajimalpa",
        "expressions" : [
          "cuaji",
          "cuajimalpa de morelos"
        ]
      },
      {
        "value" : "el valle de México",
        "expressions" : [
          "el valle de México"
        ]
      },
      {
        "value" : "gustavo a madero",
        "expressions" : [
          "gustavo a madero"
        ]
      },
      {
        "value" : "ixtapaluca",
        "expressions" : [
          "ixtapaluca"
        ]
      },
      {
        "value" : "iztacalco",
        "expressions" : [
          "iztacalco"
        ]
      },
      {
        "value" : "iztapalapa",
        "expressions" : [
          "iztapalapa"
        ]
      },
      {
        "value" : "magdalena contreras",
        "expressions" : [
          "magdalena contreras"
        ]
      },
      {
        "value" : "milpa alta",
        "expressions" : [
          "milpa alta"
        ]
      },
      {
        "value" : "tlalpan",
        "expressions" : [
          "tlalpan"
        ]
      },
      {
        "value" : "xochimilco",
        "expressions" : [
          "cuemanco",
          "xochi",
          "xochimilco"
        ]
      }
    ],
    "doc" : "User-defined entity",
    "builtin" : false
  }
}