{
  "data" : [
    {
      "text" : "A que te dedicas",
      "entities" : [
        {
          "entity" : "intent",
          "value" : "\"I_Identidad\""
        },
        {
          "entity" : "E_Identidad",
          "value" : "\"A que te dedicas\"",
          "start" : 0,
          "end" : 16
        }
      ]
    },
    {
      "text" : "A que te dedicas?",
      "entities" : [
        {
          "entity" : "intent",
          "value" : "\"I_Identidad\""
        },
        {
          "entity" : "E_Identidad",
          "value" : "\"A que te dedicas\"",
          "start" : 0,
          "end" : 16
        }
      ]
    },
    {
      "text" : "Adioa",
      "entities" : [
        {
          "entity" : "intent",
          "value" : "\"I_Despedida\""
        },
        {
          "entity" : "E_Despedida",
          "value" : "\"adios\"",
          "start" : 0,
          "end" : 5
        }
      ]
    },
    {
      "text" : "Adios",
      "entities" : [
        {
          "entity" : "intent",
          "value" : "\"I_Despedida\""
        },
        {
          "entity" : "E_Despedida",
          "value" : "\"adios\"",
          "start" : 0,
          "end" : 5
        }
      ]
    },
    {
      "text" : "Adiós",
      "entities" : [
        {
          "entity" : "intent",
          "value" : "\"I_Despedida\""
        },
        {
          "entity" : "E_Despedida",
          "value" : "\"Adiós\"",
          "start" : 0,
          "end" : 5
        }
      ]
    },
    {
      "text" : "Buen dia",
      "entities" : [
        {
          "entity" : "intent",
          "value" : "\"I_Saludo\""
        },
        {
          "entity" : "E_Saludo",
          "value" : "\"Buenos Dias\"",
          "start" : 0,
          "end" : 8
        }
      ]
    },
    {
      "text" : "Buenas noches",
      "entities" : [
        {
          "entity" : "intent",
          "value" : "\"I_Saludo\""
        },
        {
          "entity" : "E_Saludo",
          "value" : "\"Buenas noches\"",
          "start" : 0,
          "end" : 13
        }
      ]
    },
    {
      "text" : "Buenas noches que tal esta la calidad del aire",
      "entities" : [
        {
          "entity" : "intent",
          "value" : "\"I_CalidadAire\""
        },
        {
          "entity" : "E_Saludo",
          "value" : "\"Buenas noches\"",
          "start" : 0,
          "end" : 13
        },
        {
          "entity" : "E_CalidadAire",
          "value" : "\"calidad del aire\"",
          "start" : 30,
          "end" : 46
        }
      ]
    },
    {
      "text" : "Buenas tardes",
      "entities" : [
        {
          "entity" : "intent",
          "value" : "\"I_Saludo\""
        },
        {
          "entity" : "E_Saludo",
          "value" : "\"Buenas tardes\"",
          "start" : 0,
          "end" : 13
        }
      ]
    },
    {
      "text" : "Buenos Dias",
      "entities" : [
        {
          "entity" : "intent",
          "value" : "\"I_Saludo\""
        },
        {
          "entity" : "E_Saludo",
          "value" : "\"Buenos Dias\"",
          "start" : 0,
          "end" : 11
        }
      ]
    },
    {
      "text" : "Calidad del aire en Iztacalco",
      "entities" : [
        {
          "entity" : "intent",
          "value" : "\"I_CalidadAire\""
        },
        {
          "entity" : "E_CalidadAire",
          "value" : "\"calidad del aire\"",
          "start" : 0,
          "end" : 16
        },
        {
          "entity" : "ubicaciones",
          "value" : "\"iztacalco\"",
          "start" : 20,
          "end" : 29
        }
      ]
    },
    {
      "text" : "Calidad del aire en la CDMX",
      "entities" : [
        {
          "entity" : "intent",
          "value" : "\"I_CalidadAire\""
        },
        {
          "entity" : "E_CalidadAire",
          "value" : "\"calidad del aire\"",
          "start" : 0,
          "end" : 16
        },
        {
          "entity" : "ubicaciones",
          "value" : "\"CDMX\"",
          "start" : 23,
          "end" : 27
        }
      ]
    },
    {
      "text" : "Cdf",
      "entities" : [
        {
          "entity" : "intent",
          "value" : "\"I_Noentiendo\""
        }
      ]
    },
    {
      "text" : "Circula mi auto si hay contingencia?",
      "entities" : [
        {
          "entity" : "intent",
          "value" : "\"I_CalidadAire\""
        },
        {
          "entity" : "E_CalidadAire",
          "value" : "\"contaminación\"",
          "start" : 23,
          "end" : 35
        }
      ]
    },
    {
      "text" : "Como es la calidad del aire en la CDMX",
      "entities" : [
        {
          "entity" : "intent",
          "value" : "\"I_CalidadAire\""
        },
        {
          "entity" : "E_CalidadAire",
          "value" : "\"calidad del aire\"",
          "start" : 11,
          "end" : 27
        },
        {
          "entity" : "ubicaciones",
          "value" : "\"CDMX\"",
          "start" : 34,
          "end" : 38
        }
      ]
    },
    {
      "text" : "Como esta el aire en iztapalapa?",
      "entities" : [
        {
          "entity" : "intent",
          "value" : "\"I_CalidadAire\""
        },
        {
          "entity" : "E_CalidadAire",
          "value" : "\"aire\"",
          "start" : 13,
          "end" : 17
        },
        {
          "entity" : "ubicaciones",
          "value" : "\"iztapalapa\"",
          "start" : 21,
          "end" : 31
        }
      ]
    },
    {
      "text" : "Como esta el aire?",
      "entities" : [
        {
          "entity" : "intent",
          "value" : "\"I_CalidadAire\""
        },
        {
          "entity" : "E_CalidadAire",
          "value" : "\"aire\"",
          "start" : 13,
          "end" : 17
        }
      ]
    },
    {
      "text" : "Como esta el clima en iztapalapa?",
      "entities" : [
        {
          "entity" : "intent",
          "value" : "\"I_CalidadAire\""
        },
        {
          "entity" : "ubicaciones",
          "value" : "\"iztapalapa\"",
          "start" : 22,
          "end" : 32
        }
      ]
    },
    {
      "text" : "Como esta el clima en tlapan",
      "entities" : [
        {
          "entity" : "intent",
          "value" : "\"I_CalidadAire\""
        }
      ]
    },
    {
      "text" : "Como esta la calidad del aire",
      "entities" : [
        {
          "entity" : "intent",
          "value" : "\"I_CalidadAire\""
        },
        {
          "entity" : "E_CalidadAire",
          "value" : "\"calidad del aire\"",
          "start" : 13,
          "end" : 29
        }
      ]
    },
    {
      "text" : "Como esta la calidad del aire en Cuauhtémoc?",
      "entities" : [
        {
          "entity" : "intent",
          "value" : "\"I_CalidadAire\""
        },
        {
          "entity" : "E_CalidadAire",
          "value" : "\"calidad del aire\"",
          "start" : 13,
          "end" : 29
        },
        {
          "entity" : "ubicaciones",
          "value" : "\"Cuauhtémoc\"",
          "start" : 33,
          "end" : 43
        }
      ]
    },
    {
      "text" : "Como esta la calidad del aire en Iztacalco",
      "entities" : [
        {
          "entity" : "intent",
          "value" : "\"I_CalidadAire\""
        },
        {
          "entity" : "E_CalidadAire",
          "value" : "\"calidad del aire\"",
          "start" : 13,
          "end" : 29
        },
        {
          "entity" : "ubicaciones",
          "value" : "\"iztacalco\"",
          "start" : 33,
          "end" : 42
        }
      ]
    },
    {
      "text" : "Como esta la calidad del aire en coyoacan?",
      "entities" : [
        {
          "entity" : "intent",
          "value" : "\"I_CalidadAire\""
        },
        {
          "entity" : "E_CalidadAire",
          "value" : "\"calidad del aire\"",
          "start" : 13,
          "end" : 29
        },
        {
          "entity" : "ubicaciones",
          "value" : "\"coyoacan\"",
          "start" : 33,
          "end" : 41
        }
      ]
    },
    {
      "text" : "Como esta la calidad del aire en el valle de México",
      "entities" : [
        {
          "entity" : "intent",
          "value" : "\"I_CalidadAire\""
        },
        {
          "entity" : "E_CalidadAire",
          "value" : "\"calidad del aire\"",
          "start" : 13,
          "end" : 29
        },
        {
          "entity" : "ubicaciones",
          "value" : "\"el valle de México\"",
          "start" : 33,
          "end" : 51
        }
      ]
    },
    {
      "text" : "Como esta la calidad del aire en iztapalapa",
      "entities" : [
        {
          "entity" : "intent",
          "value" : "\"I_CalidadAire\""
        },
        {
          "entity" : "E_CalidadAire",
          "value" : "\"calidad del aire\"",
          "start" : 13,
          "end" : 29
        },
        {
          "entity" : "ubicaciones",
          "value" : "\"iztapalapa\"",
          "start" : 33,
          "end" : 43
        }
      ]
    },
    {
      "text" : "Como esta la calidad del aire en la CDMX",
      "entities" : [
        {
          "entity" : "intent",
          "value" : "\"I_CalidadAire\""
        },
        {
          "entity" : "E_CalidadAire",
          "value" : "\"calidad del aire\"",
          "start" : 13,
          "end" : 29
        },
        {
          "entity" : "ubicaciones",
          "value" : "\"CDMX\"",
          "start" : 36,
          "end" : 40
        }
      ]
    },
    {
      "text" : "Como esta la calidad del aire en la CDMX?",
      "entities" : [
        {
          "entity" : "intent",
          "value" : "\"I_CalidadAire\""
        },
        {
          "entity" : "E_CalidadAire",
          "value" : "\"calidad del aire\"",
          "start" : 13,
          "end" : 29
        },
        {
          "entity" : "ubicaciones",
          "value" : "\"CDMX\"",
          "start" : 36,
          "end" : 40
        }
      ]
    },
    {
      "text" : "Como esta la calidad del aire en xochimilco",
      "entities" : [
        {
          "entity" : "intent",
          "value" : "\"I_CalidadAire\""
        },
        {
          "entity" : "E_CalidadAire",
          "value" : "\"calidad del aire\"",
          "start" : 13,
          "end" : 29
        },
        {
          "entity" : "ubicaciones",
          "value" : "\"xochimilco\"",
          "start" : 33,
          "end" : 43
        }
      ]
    },
    {
      "text" : "Como esta la calidad del aire?",
      "entities" : [
        {
          "entity" : "intent",
          "value" : "\"I_CalidadAire\""
        },
        {
          "entity" : "E_CalidadAire",
          "value" : "\"calidad del aire\"",
          "start" : 13,
          "end" : 29
        }
      ]
    },
    {
      "text" : "Como esta la calidad del airen en la ciudad de Mexico",
      "entities" : [
        {
          "entity" : "intent",
          "value" : "\"I_CalidadAire\""
        },
        {
          "entity" : "E_CalidadAire",
          "value" : "\"calidad del aire\"",
          "start" : 13,
          "end" : 29
        }
      ]
    },
    {
      "text" : "Como esta la cálidad del aire",
      "entities" : [
        {
          "entity" : "intent",
          "value" : "\"I_CalidadAire\""
        },
        {
          "entity" : "E_CalidadAire",
          "value" : "\"cálidad del aire\"",
          "start" : 13,
          "end" : 29
        }
      ]
    },
    {
      "text" : "Como están los rayos UV",
      "entities" : [
        {
          "entity" : "intent",
          "value" : "\"I_CalidadAire\""
        },
        {
          "entity" : "E_CalidadAire",
          "value" : "\"radiacion\"",
          "start" : 15,
          "end" : 23
        }
      ]
    },
    {
      "text" : "Como te llamas",
      "entities" : [
        {
          "entity" : "intent",
          "value" : "\"I_Identidad\""
        },
        {
          "entity" : "E_Identidad",
          "value" : "\"Como te llamas\"",
          "start" : 0,
          "end" : 14
        }
      ]
    },
    {
      "text" : "Como va a estar la calidad del aire?",
      "entities" : [
        {
          "entity" : "intent",
          "value" : "\"I_CalidadAire\""
        },
        {
          "entity" : "E_CalidadAire",
          "value" : "\"calidad del aire\"",
          "start" : 19,
          "end" : 35
        }
      ]
    },
    {
      "text" : "Cual es la calidad del aire",
      "entities" : [
        {
          "entity" : "intent",
          "value" : "\"I_CalidadAire\""
        },
        {
          "entity" : "E_CalidadAire",
          "value" : "\"calidad del aire\"",
          "start" : 11,
          "end" : 27
        }
      ]
    },
    {
      "text" : "Cual es la calidad del aire en Iztacalco",
      "entities" : [
        {
          "entity" : "intent",
          "value" : "\"I_CalidadAire\""
        },
        {
          "entity" : "E_CalidadAire",
          "value" : "\"calidad del aire\"",
          "start" : 11,
          "end" : 27
        },
        {
          "entity" : "ubicaciones",
          "value" : "\"iztacalco\"",
          "start" : 31,
          "end" : 40
        }
      ]
    },
    {
      "text" : "Cual es la calidad del aire en la CDMX",
      "entities" : [
        {
          "entity" : "intent",
          "value" : "\"I_CalidadAire\""
        },
        {
          "entity" : "E_CalidadAire",
          "value" : "\"calidad del aire\"",
          "start" : 11,
          "end" : 27
        },
        {
          "entity" : "ubicaciones",
          "value" : "\"CDMX\"",
          "start" : 34,
          "end" : 38
        }
      ]
    },
    {
      "text" : "Cual es la calidad del aire?",
      "entities" : [
        {
          "entity" : "intent",
          "value" : "\"I_CalidadAire\""
        },
        {
          "entity" : "E_CalidadAire",
          "value" : "\"calidad del aire\"",
          "start" : 11,
          "end" : 27
        }
      ]
    },
    {
      "text" : "Cual es la cálidad del aire",
      "entities" : [
        {
          "entity" : "intent",
          "value" : "\"I_CalidadAire\""
        },
        {
          "entity" : "E_CalidadAire",
          "value" : "\"calidad del aire\"",
          "start" : 11,
          "end" : 27
        }
      ]
    },
    {
      "text" : "Cual es la cálidad del aire?",
      "entities" : [
        {
          "entity" : "intent",
          "value" : "\"I_CalidadAire\""
        },
        {
          "entity" : "E_CalidadAire",
          "value" : "\"calidad del aire\"",
          "start" : 11,
          "end" : 27
        }
      ]
    },
    {
      "text" : "Cuanto CO hay en el aire",
      "entities" : [
        {
          "entity" : "intent",
          "value" : "\"I_CalidadAire\""
        },
        {
          "entity" : "E_CalidadAire",
          "value" : "\"contaminación\"",
          "start" : 7,
          "end" : 9
        }
      ]
    },
    {
      "text" : "Dame la calidad del aire",
      "entities" : [
        {
          "entity" : "intent",
          "value" : "\"I_CalidadAire\""
        },
        {
          "entity" : "E_CalidadAire",
          "value" : "\"calidad del aire\"",
          "start" : 8,
          "end" : 24
        }
      ]
    },
    {
      "text" : "Dame la calidad del aire en Iztacalco",
      "entities" : [
        {
          "entity" : "intent",
          "value" : "\"I_CalidadAire\""
        },
        {
          "entity" : "E_CalidadAire",
          "value" : "\"calidad del aire\"",
          "start" : 8,
          "end" : 24
        },
        {
          "entity" : "ubicaciones",
          "value" : "\"iztacalco\"",
          "start" : 28,
          "end" : 37
        }
      ]
    },
    {
      "text" : "Dame la calidad del aire en Tlalpan",
      "entities" : [
        {
          "entity" : "intent",
          "value" : "\"I_CalidadAire\""
        },
        {
          "entity" : "E_CalidadAire",
          "value" : "\"calidad del aire\"",
          "start" : 8,
          "end" : 24
        },
        {
          "entity" : "ubicaciones",
          "value" : "\"tlalpan\"",
          "start" : 28,
          "end" : 35
        }
      ]
    },
    {
      "text" : "Dame la calidad del aire en la CDMX",
      "entities" : [
        {
          "entity" : "intent",
          "value" : "\"I_CalidadAire\""
        },
        {
          "entity" : "E_CalidadAire",
          "value" : "\"calidad del aire\"",
          "start" : 8,
          "end" : 24
        },
        {
          "entity" : "ubicaciones",
          "value" : "\"CDMX\"",
          "start" : 31,
          "end" : 35
        }
      ]
    },
    {
      "text" : "Dame la calidad del aire en la metropolis",
      "entities" : [
        {
          "entity" : "intent",
          "value" : "\"I_CalidadAire\""
        },
        {
          "entity" : "E_CalidadAire",
          "value" : "\"calidad del aire\"",
          "start" : 8,
          "end" : 24
        },
        {
          "entity" : "ubicaciones",
          "value" : "\"CDMX\"",
          "start" : 31,
          "end" : 41
        }
      ]
    },
    {
      "text" : "Dame la cantidad de imecas",
      "entities" : [
        {
          "entity" : "intent",
          "value" : "\"I_CalidadAire\""
        },
        {
          "entity" : "E_CalidadAire",
          "value" : "\"imecas\"",
          "start" : 20,
          "end" : 26
        }
      ]
    },
    {
      "text" : "Debido a la calidad del aire, puedo ejercitarme al aire libre en la delegacion iztapalapa",
      "entities" : [
        {
          "entity" : "intent",
          "value" : "\"I_CalidadAire\""
        },
        {
          "entity" : "E_CalidadAire",
          "value" : "\"calidad del aire\"",
          "start" : 12,
          "end" : 28
        },
        {
          "entity" : "actividadDeportiva",
          "value" : "\"ejercitarme\"",
          "start" : 36,
          "end" : 61
        },
        {
          "entity" : "ubicaciones",
          "value" : "\"iztapalapa\"",
          "start" : 79,
          "end" : 89
        }
      ]
    },
    {
      "text" : "Debido a la calidad del aire, puedo ejercitarme al aire libre en la delegación Iztapalapa",
      "entities" : [
        {
          "entity" : "intent",
          "value" : "\"I_CalidadAire\""
        },
        {
          "entity" : "E_CalidadAire",
          "value" : "\"calidad del aire\"",
          "start" : 12,
          "end" : 28
        },
        {
          "entity" : "actividadDeportiva",
          "value" : "\"ejercitarme\"",
          "start" : 36,
          "end" : 61
        },
        {
          "entity" : "ubicaciones",
          "value" : "\"iztapalapa\"",
          "start" : 79,
          "end" : 89
        }
      ]
    },
    {
      "text" : "Debido a la calidad del aire, puedo ejercitarme al aire libre en la delegación milpa alta",
      "entities" : [
        {
          "entity" : "intent",
          "value" : "\"I_CalidadAire\""
        },
        {
          "entity" : "E_CalidadAire",
          "value" : "\"calidad del aire\"",
          "start" : 12,
          "end" : 28
        },
        {
          "entity" : "actividadDeportiva",
          "value" : "\"ejercitarme\"",
          "start" : 36,
          "end" : 61
        },
        {
          "entity" : "ubicaciones",
          "value" : "\"milpa alta\"",
          "start" : 79,
          "end" : 89
        }
      ]
    },
    {
      "text" : "Debido a la calidad del aire, puedo ejercitarme al aire libre en milpa alta",
      "entities" : [
        {
          "entity" : "intent",
          "value" : "\"I_CalidadAire\""
        },
        {
          "entity" : "E_CalidadAire",
          "value" : "\"calidad del aire\"",
          "start" : 12,
          "end" : 28
        },
        {
          "entity" : "actividadDeportiva",
          "value" : "\"ejercitarme\"",
          "start" : 36,
          "end" : 47
        },
        {
          "entity" : "E_CalidadAire",
          "value" : "\"calidad del aire\"",
          "start" : 51,
          "end" : 61
        },
        {
          "entity" : "ubicaciones",
          "value" : "\"milpa alta\"",
          "start" : 65,
          "end" : 75
        }
      ]
    },
    {
      "text" : "Disculpa que tan buena va ser la calidad del aire hoy?",
      "entities" : [
        {
          "entity" : "intent",
          "value" : "\"I_CalidadAire\""
        },
        {
          "entity" : "E_CalidadAire",
          "value" : "\"calidad del aire\"",
          "start" : 33,
          "end" : 49
        }
      ]
    },
    {
      "text" : "En que me puedes ayudar",
      "entities" : [
        {
          "entity" : "intent",
          "value" : "\"I_Identidad\""
        },
        {
          "entity" : "E_Identidad",
          "value" : "\"En que me puedes ayudar\"",
          "start" : 0,
          "end" : 23
        }
      ]
    },
    {
      "text" : "En que puedes ayudarme?",
      "entities" : [
        {
          "entity" : "intent",
          "value" : "\"I_Identidad\""
        },
        {
          "entity" : "E_Identidad",
          "value" : "\"En que puedes ayudarme\"",
          "start" : 0,
          "end" : 22
        }
      ]
    },
    {
      "text" : "Es bueno o malo salir a la calle?",
      "entities" : [
        {
          "entity" : "intent",
          "value" : "\"I_CalidadAire\""
        },
        {
          "entity" : "actividadDeportiva",
          "value" : "\" salir a la calle\"",
          "start" : 16,
          "end" : 32
        }
      ]
    },
    {
      "text" : "Es malo si sacó a mi bebé debido a la calidad del aire?",
      "entities" : [
        {
          "entity" : "intent",
          "value" : "\"I_CalidadAire\""
        },
        {
          "entity" : "actividadDeportiva",
          "value" : "\"salir\"",
          "start" : 11,
          "end" : 15
        },
        {
          "entity" : "E_CalidadAire",
          "value" : "\"calidad del aire\"",
          "start" : 38,
          "end" : 54
        }
      ]
    },
    {
      "text" : "Es recomendable  hacer ejercicio al aire libre en la delegación Iztacalco?",
      "entities" : [
        {
          "entity" : "intent",
          "value" : "\"I_CalidadAire\""
        },
        {
          "entity" : "actividadDeportiva",
          "value" : "\" hacer ejercicio\"",
          "start" : 16,
          "end" : 32
        },
        {
          "entity" : "E_CalidadAire",
          "value" : "\"aire libre\"",
          "start" : 36,
          "end" : 46
        },
        {
          "entity" : "ubicaciones",
          "value" : "\"iztacalco\"",
          "start" : 64,
          "end" : 73
        }
      ]
    },
    {
      "text" : "Es recomendable ejercitarme al aire libre?",
      "entities" : [
        {
          "entity" : "intent",
          "value" : "\"I_CalidadAire\""
        },
        {
          "entity" : "actividadDeportiva",
          "value" : "\"ejercitarme\"",
          "start" : 16,
          "end" : 41,
          "subentities" : [
            {
              "entity" : "E_CalidadAire",
              "value" : "\"aire libre\"",
              "start" : 15,
              "end" : 25
            }
          ]
        }
      ]
    },
    {
      "text" : "Es recomendable hacer ejercicio al aire libre en la delegación Iztacalco?",
      "entities" : [
        {
          "entity" : "intent",
          "value" : "\"I_CalidadAire\""
        },
        {
          "entity" : "actividadDeportiva",
          "value" : "\"ejercitarme\"",
          "start" : 22,
          "end" : 45
        },
        {
          "entity" : "ubicaciones",
          "value" : "\"iztacalco\"",
          "start" : 63,
          "end" : 72
        }
      ]
    },
    {
      "text" : "Es recomendable salir al aire libre?",
      "entities" : [
        {
          "entity" : "intent",
          "value" : "\"I_CalidadAire\""
        },
        {
          "entity" : "actividadDeportiva",
          "value" : "\"salir\"",
          "start" : 16,
          "end" : 35
        }
      ]
    },
    {
      "text" : "Es recomendable salir?",
      "entities" : [
        {
          "entity" : "intent",
          "value" : "\"I_CalidadAire\""
        },
        {
          "entity" : "actividadDeportiva",
          "value" : "\"salir\"",
          "start" : 16,
          "end" : 21
        }
      ]
    },
    {
      "text" : "Hdkd",
      "entities" : [
        {
          "entity" : "intent",
          "value" : "\"I_Noentiendo\""
        }
      ]
    },
    {
      "text" : "Hola",
      "entities" : [
        {
          "entity" : "intent",
          "value" : "\"I_Saludo\""
        }
      ]
    },
    {
      "text" : "Hola me puedes decir la calidad del clima en la ciudad",
      "entities" : [
        {
          "entity" : "intent",
          "value" : "\"I_CalidadAire\""
        },
        {
          "entity" : "E_Saludo",
          "value" : "\"hola\"",
          "start" : 0,
          "end" : 4
        },
        {
          "entity" : "E_CalidadAire",
          "value" : "\"calidad del clima\"",
          "start" : 24,
          "end" : 41
        },
        {
          "entity" : "ubicaciones",
          "value" : "\"CDMX\"",
          "start" : 48,
          "end" : 54
        }
      ]
    },
    {
      "text" : "Hola, que tal esta la calidad del aire",
      "entities" : [
        {
          "entity" : "intent",
          "value" : "\"I_CalidadAire\""
        },
        {
          "entity" : "E_Saludo",
          "value" : "\"hola\"",
          "start" : 0,
          "end" : 4
        },
        {
          "entity" : "E_Saludo",
          "value" : "\"Que tal\"",
          "start" : 6,
          "end" : 13
        },
        {
          "entity" : "E_CalidadAire",
          "value" : "\"calidad del aire\"",
          "start" : 22,
          "end" : 38
        }
      ]
    },
    {
      "text" : "Hola, que tal la calidad del aire",
      "entities" : [
        {
          "entity" : "intent",
          "value" : "\"I_CalidadAire\""
        },
        {
          "entity" : "E_Saludo",
          "value" : "\"hola\"",
          "start" : 0,
          "end" : 4
        },
        {
          "entity" : "E_Saludo",
          "value" : "\"Que tal\"",
          "start" : 6,
          "end" : 13
        },
        {
          "entity" : "E_CalidadAire",
          "value" : "\"calidad del aire\"",
          "start" : 17,
          "end" : 33
        }
      ]
    },
    {
      "text" : "Hola, que tal la calidad del aire en Tlalpan?",
      "entities" : [
        {
          "entity" : "intent",
          "value" : "\"I_CalidadAire\""
        },
        {
          "entity" : "E_Saludo",
          "value" : "\"hola\"",
          "start" : 0,
          "end" : 4
        },
        {
          "entity" : "E_Saludo",
          "value" : "\"Que tal\"",
          "start" : 6,
          "end" : 13
        },
        {
          "entity" : "E_CalidadAire",
          "value" : "\"calidad del aire\"",
          "start" : 17,
          "end" : 33
        },
        {
          "entity" : "ubicaciones",
          "value" : "\"tlalpan\"",
          "start" : 37,
          "end" : 44
        }
      ]
    },
    {
      "text" : "Hsjsba",
      "entities" : [
        {
          "entity" : "intent",
          "value" : "\"I_Noentiendo\""
        }
      ]
    },
    {
      "text" : "Hsls",
      "entities" : [
        {
          "entity" : "intent",
          "value" : "\"I_Noentiendo\""
        }
      ]
    },
    {
      "text" : "Kaka",
      "entities" : [
        {
          "entity" : "intent",
          "value" : "\"I_Noentiendo\""
        }
      ]
    },
    {
      "text" : "La calidad del aire en iztapalapa",
      "entities" : [
        {
          "entity" : "intent",
          "value" : "\"I_CalidadAire\""
        },
        {
          "entity" : "E_CalidadAire",
          "value" : "\"calidad del aire\"",
          "start" : 3,
          "end" : 19
        },
        {
          "entity" : "ubicaciones",
          "value" : "\"iztapalapa\"",
          "start" : 23,
          "end" : 33
        }
      ]
    },
    {
      "text" : "Me puedes dar la calidad del aire",
      "entities" : [
        {
          "entity" : "intent",
          "value" : "\"I_CalidadAire\""
        },
        {
          "entity" : "E_CalidadAire",
          "value" : "\"calidad del aire\"",
          "start" : 17,
          "end" : 33
        }
      ]
    },
    {
      "text" : "Me puedes dar la calidad del aire en Iztacalco, Iztapalapa, Xochimilco",
      "entities" : [
        {
          "entity" : "intent",
          "value" : "\"I_CalidadAire\""
        },
        {
          "entity" : "E_CalidadAire",
          "value" : "\"calidad del aire\"",
          "start" : 17,
          "end" : 33
        },
        {
          "entity" : "ubicaciones",
          "value" : "\"iztacalco\"",
          "start" : 37,
          "end" : 46
        },
        {
          "entity" : "ubicaciones",
          "value" : "\"iztapalapa\"",
          "start" : 48,
          "end" : 58
        },
        {
          "entity" : "ubicaciones",
          "value" : "\"xochimilco\"",
          "start" : 60,
          "end" : 70
        }
      ]
    },
    {
      "text" : "Me puedes dar la calidad del aire en alvaro Obregón",
      "entities" : [
        {
          "entity" : "intent",
          "value" : "\"I_CalidadAire\""
        },
        {
          "entity" : "E_CalidadAire",
          "value" : "\"calidad del aire\"",
          "start" : 17,
          "end" : 33
        },
        {
          "entity" : "ubicaciones",
          "value" : "\"alvaro Obregón\"",
          "start" : 37,
          "end" : 51
        }
      ]
    },
    {
      "text" : "Me puedes dar la calidad del aire en iztapalapa",
      "entities" : [
        {
          "entity" : "intent",
          "value" : "\"I_CalidadAire\""
        },
        {
          "entity" : "E_CalidadAire",
          "value" : "\"calidad del aire\"",
          "start" : 17,
          "end" : 33
        },
        {
          "entity" : "ubicaciones",
          "value" : "\"iztapalapa\"",
          "start" : 37,
          "end" : 47
        }
      ]
    },
    {
      "text" : "Me puedes dar la calidad del aire?",
      "entities" : [
        {
          "entity" : "intent",
          "value" : "\"I_CalidadAire\""
        },
        {
          "entity" : "E_CalidadAire",
          "value" : "\"calidad del aire\"",
          "start" : 17,
          "end" : 33
        }
      ]
    },
    {
      "text" : "Me puedes dar la cálidad del aire?",
      "entities" : [
        {
          "entity" : "intent",
          "value" : "\"I_CalidadAire\""
        },
        {
          "entity" : "E_CalidadAire",
          "value" : "\"calidad del aire\"",
          "start" : 17,
          "end" : 33
        }
      ]
    },
    {
      "text" : "Me puedes decir la calidad del aire",
      "entities" : [
        {
          "entity" : "intent",
          "value" : "\"I_CalidadAire\""
        },
        {
          "entity" : "E_CalidadAire",
          "value" : "\"calidad del aire\"",
          "start" : 19,
          "end" : 35
        }
      ]
    },
    {
      "text" : "Mi abuelito puede salir a caminar debido a la calidad  del aire?",
      "entities" : [
        {
          "entity" : "intent",
          "value" : "\"I_CalidadAire\""
        },
        {
          "entity" : "actividadDeportiva",
          "value" : "\"caminar\"",
          "start" : 18,
          "end" : 33
        },
        {
          "entity" : "E_CalidadAire",
          "value" : "\"calidad del aire\"",
          "start" : 46,
          "end" : 63
        }
      ]
    },
    {
      "text" : "Mi abuelito puede salir al aire libre?",
      "entities" : [
        {
          "entity" : "intent",
          "value" : "\"I_CalidadAire\""
        },
        {
          "entity" : "actividadDeportiva",
          "value" : "\"salir\"",
          "start" : 18,
          "end" : 23
        },
        {
          "entity" : "E_CalidadAire",
          "value" : "\"calidad del aire\"",
          "start" : 27,
          "end" : 37
        }
      ]
    },
    {
      "text" : "Ok, cual es la calidad del aire en Iztacalco?",
      "entities" : [
        {
          "entity" : "intent",
          "value" : "\"I_CalidadAire\""
        },
        {
          "entity" : "E_CalidadAire",
          "value" : "\"calidad del aire\"",
          "start" : 15,
          "end" : 31
        },
        {
          "entity" : "ubicaciones",
          "value" : "\"iztacalco\"",
          "start" : 35,
          "end" : 44
        }
      ]
    },
    {
      "text" : "Ok, entonces dame la calidad del aire en la CDMX",
      "entities" : [
        {
          "entity" : "intent",
          "value" : "\"I_CalidadAire\""
        },
        {
          "entity" : "E_CalidadAire",
          "value" : "\"calidad del aire\"",
          "start" : 21,
          "end" : 37
        },
        {
          "entity" : "ubicaciones",
          "value" : "\"CDMX\"",
          "start" : 44,
          "end" : 48
        }
      ]
    },
    {
      "text" : "Ok, entonces dame la calidad del aire?",
      "entities" : [
        {
          "entity" : "intent",
          "value" : "\"I_CalidadAire\""
        },
        {
          "entity" : "E_CalidadAire",
          "value" : "\"calidad del aire\"",
          "start" : 21,
          "end" : 37
        }
      ]
    },
    {
      "text" : "Oye como esta la calidad del aire en la CDMX?",
      "entities" : [
        {
          "entity" : "intent",
          "value" : "\"I_CalidadAire\""
        },
        {
          "entity" : "E_CalidadAire",
          "value" : "\"calidad del aire\"",
          "start" : 17,
          "end" : 33
        },
        {
          "entity" : "ubicaciones",
          "value" : "\"CDMX\"",
          "start" : 40,
          "end" : 44
        }
      ]
    },
    {
      "text" : "Oye y es recomendable ejercitarme al aire libre?",
      "entities" : [
        {
          "entity" : "intent",
          "value" : "\"I_CalidadAire\""
        },
        {
          "entity" : "actividadDeportiva",
          "value" : "\"ejercitarme\"",
          "start" : 22,
          "end" : 47,
          "subentities" : [
            {
              "entity" : "E_CalidadAire",
              "value" : "\"aire libre\"",
              "start" : 15,
              "end" : 25
            }
          ]
        }
      ]
    },
    {
      "text" : "Puedo ejercitarme al aire libre?",
      "entities" : [
        {
          "entity" : "intent",
          "value" : "\"I_CalidadAire\""
        },
        {
          "entity" : "actividadDeportiva",
          "value" : "\"ejercitarme\"",
          "start" : 6,
          "end" : 17
        },
        {
          "entity" : "E_CalidadAire",
          "value" : "\"cálidad del aire\"",
          "start" : 21,
          "end" : 31
        }
      ]
    },
    {
      "text" : "Puedo ejercitarte al aire libre?",
      "entities" : [
        {
          "entity" : "intent",
          "value" : "\"I_CalidadAire\""
        },
        {
          "entity" : "actividadDeportiva",
          "value" : "\"ejercitarme\"",
          "start" : 6,
          "end" : 17
        },
        {
          "entity" : "E_CalidadAire",
          "value" : "\"calidad del aire\"",
          "start" : 21,
          "end" : 31
        }
      ]
    },
    {
      "text" : "Puedo salir a ejercitarme al aire libre?",
      "entities" : [
        {
          "entity" : "intent",
          "value" : "\"I_CalidadAire\""
        },
        {
          "entity" : "actividadDeportiva",
          "value" : "\"salir\"",
          "start" : 6,
          "end" : 11
        },
        {
          "entity" : "actividadDeportiva",
          "value" : "\"ejercitarme\"",
          "start" : 14,
          "end" : 25
        },
        {
          "entity" : "E_CalidadAire",
          "value" : "\"calidad del aire\"",
          "start" : 29,
          "end" : 39
        }
      ]
    },
    {
      "text" : "Puedo salir a jugar debido a la contaminación?",
      "entities" : [
        {
          "entity" : "intent",
          "value" : "\"I_CalidadAire\""
        },
        {
          "entity" : "actividadDeportiva",
          "value" : "\"salir a jugar\"",
          "start" : 6,
          "end" : 19
        },
        {
          "entity" : "E_CalidadAire",
          "value" : "\"contaminación\"",
          "start" : 32,
          "end" : 45
        }
      ]
    },
    {
      "text" : "Que haces",
      "entities" : [
        {
          "entity" : "intent",
          "value" : "\"I_Identidad\""
        },
        {
          "entity" : "E_Identidad",
          "value" : "\"que haces\"",
          "start" : 0,
          "end" : 9
        }
      ]
    },
    {
      "text" : "Que me ves",
      "entities" : [
        {
          "entity" : "intent",
          "value" : "\"I_Noentiendo\""
        }
      ]
    },
    {
      "text" : "Que sabes hacer?",
      "entities" : [
        {
          "entity" : "intent",
          "value" : "\"I_Identidad\""
        },
        {
          "entity" : "E_Identidad",
          "value" : "\"que sabes hacer\"",
          "start" : 0,
          "end" : 15
        }
      ]
    },
    {
      "text" : "Que tal",
      "entities" : [
        {
          "entity" : "intent",
          "value" : "\"I_Saludo\""
        },
        {
          "entity" : "E_Saludo",
          "value" : "\"Que tal\"",
          "start" : 0,
          "end" : 7
        }
      ]
    },
    {
      "text" : "Que tal el aire en Iztapalapa?",
      "entities" : [
        {
          "entity" : "intent",
          "value" : "\"I_CalidadAire\""
        },
        {
          "entity" : "E_Saludo",
          "value" : "\"Que tal\"",
          "start" : 0,
          "end" : 7
        },
        {
          "entity" : "E_CalidadAire",
          "value" : "\"aire\"",
          "start" : 11,
          "end" : 15
        },
        {
          "entity" : "ubicaciones",
          "value" : "\"iztapalapa\"",
          "start" : 19,
          "end" : 29
        }
      ]
    },
    {
      "text" : "Que tal el clima en la Magdalena contreras",
      "entities" : [
        {
          "entity" : "intent",
          "value" : "\"I_CalidadAire\""
        },
        {
          "entity" : "E_Saludo",
          "value" : "\"Que tal\"",
          "start" : 0,
          "end" : 7
        },
        {
          "entity" : "ubicaciones",
          "value" : "\"magdalena contreras\"",
          "start" : 23,
          "end" : 42
        }
      ]
    },
    {
      "text" : "Que tal esta la calidad del aire",
      "entities" : [
        {
          "entity" : "intent",
          "value" : "\"I_CalidadAire\""
        },
        {
          "entity" : "E_CalidadAire",
          "value" : "\"calidad del aire\"",
          "start" : 16,
          "end" : 32
        }
      ]
    },
    {
      "text" : "Que tal esta la calidad del aire en Iztapalapa",
      "entities" : [
        {
          "entity" : "intent",
          "value" : "\"I_CalidadAire\""
        },
        {
          "entity" : "E_CalidadAire",
          "value" : "\"calidad del aire\"",
          "start" : 16,
          "end" : 32
        },
        {
          "entity" : "ubicaciones",
          "value" : "\"iztapalapa\"",
          "start" : 36,
          "end" : 46
        }
      ]
    },
    {
      "text" : "Que tal esta la calidad del aire en coyoacan",
      "entities" : [
        {
          "entity" : "intent",
          "value" : "\"I_CalidadAire\""
        },
        {
          "entity" : "E_CalidadAire",
          "value" : "\"calidad del aire\"",
          "start" : 16,
          "end" : 32
        },
        {
          "entity" : "ubicaciones",
          "value" : "\"coyoacan\"",
          "start" : 36,
          "end" : 44
        }
      ]
    },
    {
      "text" : "Que tal esta la calidad del aire en iztapalapa",
      "entities" : [
        {
          "entity" : "intent",
          "value" : "\"I_CalidadAire\""
        },
        {
          "entity" : "E_CalidadAire",
          "value" : "\"calidad del aire\"",
          "start" : 16,
          "end" : 32
        },
        {
          "entity" : "ubicaciones",
          "value" : "\"iztapalapa\"",
          "start" : 36,
          "end" : 46
        }
      ]
    },
    {
      "text" : "Que tal esta la calidad del aire en la CDMX",
      "entities" : [
        {
          "entity" : "intent",
          "value" : "\"I_CalidadAire\""
        },
        {
          "entity" : "E_CalidadAire",
          "value" : "\"calidad del aire\"",
          "start" : 16,
          "end" : 32
        },
        {
          "entity" : "ubicaciones",
          "value" : "\"CDMX\"",
          "start" : 39,
          "end" : 43
        }
      ]
    },
    {
      "text" : "Que tal esta la calidad del aire en la Magdalena contreras?",
      "entities" : [
        {
          "entity" : "intent",
          "value" : "\"I_CalidadAire\""
        },
        {
          "entity" : "E_CalidadAire",
          "value" : "\"calidad del aire\"",
          "start" : 16,
          "end" : 32
        },
        {
          "entity" : "ubicaciones",
          "value" : "\"magdalena contreras\"",
          "start" : 39,
          "end" : 58
        }
      ]
    },
    {
      "text" : "Que tal esta la calidad del aire?",
      "entities" : [
        {
          "entity" : "intent",
          "value" : "\"I_CalidadAire\""
        },
        {
          "entity" : "E_CalidadAire",
          "value" : "\"calidad del aire\"",
          "start" : 16,
          "end" : 32
        }
      ]
    },
    {
      "text" : "Que tal esta la cálidad del aire?",
      "entities" : [
        {
          "entity" : "intent",
          "value" : "\"I_CalidadAire\""
        }
      ]
    },
    {
      "text" : "Que tal la calidad del aire",
      "entities" : [
        {
          "entity" : "intent",
          "value" : "\"I_CalidadAire\""
        },
        {
          "entity" : "E_Saludo",
          "value" : "\"Que tal\"",
          "start" : 0,
          "end" : 7
        },
        {
          "entity" : "E_CalidadAire",
          "value" : "\"calidad del aire\"",
          "start" : 11,
          "end" : 27
        }
      ]
    },
    {
      "text" : "Que tal la calidad del aire ?",
      "entities" : [
        {
          "entity" : "intent",
          "value" : "\"I_CalidadAire\""
        },
        {
          "entity" : "E_CalidadAire",
          "value" : "\"calidad del aire\"",
          "start" : 11,
          "end" : 27
        }
      ]
    },
    {
      "text" : "Que tal la calidad del aire en Iztapalapa",
      "entities" : [
        {
          "entity" : "intent",
          "value" : "\"I_CalidadAire\""
        },
        {
          "entity" : "E_Saludo",
          "value" : "\"Que tal\"",
          "start" : 0,
          "end" : 7
        },
        {
          "entity" : "E_CalidadAire",
          "value" : "\"calidad del aire\"",
          "start" : 11,
          "end" : 27
        },
        {
          "entity" : "ubicaciones",
          "value" : "\"iztapalapa\"",
          "start" : 31,
          "end" : 41
        }
      ]
    },
    {
      "text" : "Que tal la calidad del aire en Iztapalapa?",
      "entities" : [
        {
          "entity" : "intent",
          "value" : "\"I_CalidadAire\""
        },
        {
          "entity" : "E_Saludo",
          "value" : "\"Que tal\"",
          "start" : 0,
          "end" : 7
        },
        {
          "entity" : "E_CalidadAire",
          "value" : "\"calidad del aire\"",
          "start" : 11,
          "end" : 27
        },
        {
          "entity" : "ubicaciones",
          "value" : "\"iztapalapa\"",
          "start" : 31,
          "end" : 41
        }
      ]
    },
    {
      "text" : "Que tal la calidad del aire en cuajimalpa de morelos",
      "entities" : [
        {
          "entity" : "intent",
          "value" : "\"I_CalidadAire\""
        },
        {
          "entity" : "E_Saludo",
          "value" : "\"Que tal\"",
          "start" : 0,
          "end" : 7
        },
        {
          "entity" : "E_CalidadAire",
          "value" : "\"calidad del aire\"",
          "start" : 11,
          "end" : 27
        },
        {
          "entity" : "ubicaciones",
          "value" : "\"cuajimalpa de morelos\"",
          "start" : 31,
          "end" : 52
        }
      ]
    },
    {
      "text" : "Que tal la calidad del aire en el valle de Mexico",
      "entities" : [
        {
          "entity" : "intent",
          "value" : "\"I_CalidadAire\""
        },
        {
          "entity" : "E_CalidadAire",
          "value" : "\"calidad del aire\"",
          "start" : 11,
          "end" : 27
        },
        {
          "entity" : "ubicaciones",
          "value" : "\"CDMX\"",
          "start" : 31,
          "end" : 49
        }
      ]
    },
    {
      "text" : "Que tal la calidad del aire en gustavo a madero",
      "entities" : [
        {
          "entity" : "intent",
          "value" : "\"I_CalidadAire\""
        },
        {
          "entity" : "E_CalidadAire",
          "value" : "\"calidad del aire\"",
          "start" : 11,
          "end" : 27
        },
        {
          "entity" : "ubicaciones",
          "value" : "\"gustavo a madero\"",
          "start" : 31,
          "end" : 47
        }
      ]
    },
    {
      "text" : "Que tal la calidad del aire en iztacalco",
      "entities" : [
        {
          "entity" : "intent",
          "value" : "\"I_CalidadAire\""
        },
        {
          "entity" : "E_CalidadAire",
          "value" : "\"calidad del aire\"",
          "start" : 11,
          "end" : 27
        },
        {
          "entity" : "ubicaciones",
          "value" : "\"iztacalco\"",
          "start" : 31,
          "end" : 40
        }
      ]
    },
    {
      "text" : "Que tal la calidad del aire en iztapalapa",
      "entities" : [
        {
          "entity" : "intent",
          "value" : "\"I_CalidadAire\""
        },
        {
          "entity" : "E_CalidadAire",
          "value" : "\"calidad del aire\"",
          "start" : 11,
          "end" : 27
        },
        {
          "entity" : "ubicaciones",
          "value" : "\"iztapalapa\"",
          "start" : 31,
          "end" : 41
        }
      ]
    },
    {
      "text" : "Que tal la calidad del aire en la CDMX",
      "entities" : [
        {
          "entity" : "intent",
          "value" : "\"I_CalidadAire\""
        },
        {
          "entity" : "E_CalidadAire",
          "value" : "\"calidad del aire\"",
          "start" : 11,
          "end" : 27
        },
        {
          "entity" : "ubicaciones",
          "value" : "\"CDMX\"",
          "start" : 34,
          "end" : 38
        }
      ]
    },
    {
      "text" : "Que tal la calidad del aire en la Ciudad de Mexico",
      "entities" : [
        {
          "entity" : "intent",
          "value" : "\"I_CalidadAire\""
        },
        {
          "entity" : "E_CalidadAire",
          "value" : "\"calidad del aire\"",
          "start" : 11,
          "end" : 27
        },
        {
          "entity" : "ubicaciones",
          "value" : "\"CDMX\"",
          "start" : 34,
          "end" : 50
        }
      ]
    },
    {
      "text" : "Que tal la calidad del aire en la Cuauhtemoc",
      "entities" : [
        {
          "entity" : "intent",
          "value" : "\"I_CalidadAire\""
        },
        {
          "entity" : "E_CalidadAire",
          "value" : "\"calidad del aire\"",
          "start" : 11,
          "end" : 27
        },
        {
          "entity" : "ubicaciones",
          "value" : "\"Cuauhtemoc\"",
          "start" : 34,
          "end" : 44
        }
      ]
    },
    {
      "text" : "Que tal la calidad del aire en la cdmx",
      "entities" : [
        {
          "entity" : "intent",
          "value" : "\"I_CalidadAire\""
        },
        {
          "entity" : "E_Saludo",
          "value" : "\"Que tal\"",
          "start" : 0,
          "end" : 7
        },
        {
          "entity" : "E_CalidadAire",
          "value" : "\"calidad del aire\"",
          "start" : 11,
          "end" : 27
        },
        {
          "entity" : "ubicaciones",
          "value" : "\"CDMX\"",
          "start" : 34,
          "end" : 38
        }
      ]
    },
    {
      "text" : "Que tal la calidad del aire en la magdalena contreras",
      "entities" : [
        {
          "entity" : "intent",
          "value" : "\"I_CalidadAire\""
        },
        {
          "entity" : "E_CalidadAire",
          "value" : "\"calidad del aire\"",
          "start" : 11,
          "end" : 27
        },
        {
          "entity" : "ubicaciones",
          "value" : "\"magdalena contreras\"",
          "start" : 34,
          "end" : 53
        }
      ]
    },
    {
      "text" : "Que tal la calidad del aire?",
      "entities" : [
        {
          "entity" : "intent",
          "value" : "\"I_CalidadAire\""
        },
        {
          "entity" : "E_CalidadAire",
          "value" : "\"calidad del aire\"",
          "start" : 11,
          "end" : 27
        }
      ]
    },
    {
      "text" : "Quisiera saber la calidad del aire en la ciudad de Mexico",
      "entities" : [
        {
          "entity" : "intent",
          "value" : "\"I_CalidadAire\""
        },
        {
          "entity" : "E_CalidadAire",
          "value" : "\"calidad del aire\"",
          "start" : 18,
          "end" : 34
        },
        {
          "entity" : "ubicaciones",
          "value" : "\"CDMX\"",
          "start" : 41,
          "end" : 57
        }
      ]
    },
    {
      "text" : "Quisiera saber que sabes hacer",
      "entities" : [
        {
          "entity" : "intent",
          "value" : "\"I_Identidad\""
        },
        {
          "entity" : "E_Identidad",
          "value" : "\"que sabes hacer\"",
          "start" : 15,
          "end" : 30
        }
      ]
    },
    {
      "text" : "Quisiera saber que sabes hacer?",
      "entities" : [
        {
          "entity" : "intent",
          "value" : "\"I_Identidad\""
        },
        {
          "entity" : "E_Identidad",
          "value" : "\"que sabes hacer\"",
          "start" : 15,
          "end" : 30
        }
      ]
    },
    {
      "text" : "Qué tal",
      "entities" : [
        {
          "entity" : "intent",
          "value" : "\"I_Saludo\""
        },
        {
          "entity" : "E_Saludo",
          "value" : "\"Qué tal\"",
          "start" : 0,
          "end" : 7
        }
      ]
    },
    {
      "text" : "Respecto a los imecas, ¿puedo salir a andar en bici?",
      "entities" : [
        {
          "entity" : "intent",
          "value" : "\"I_CalidadAire\""
        },
        {
          "entity" : "E_CalidadAire",
          "value" : "\"imecas\"",
          "start" : 15,
          "end" : 21
        },
        {
          "entity" : "actividadDeportiva",
          "value" : "\"andar en bicicleta\"",
          "start" : 38,
          "end" : 51
        }
      ]
    },
    {
      "text" : "Si, que como esta la calidad del aire en coyoacan?",
      "entities" : [
        {
          "entity" : "intent",
          "value" : "\"I_CalidadAire\""
        },
        {
          "entity" : "E_CalidadAire",
          "value" : "\"calidad del aire\"",
          "start" : 21,
          "end" : 37
        },
        {
          "entity" : "ubicaciones",
          "value" : "\"coyoacan\"",
          "start" : 41,
          "end" : 49
        }
      ]
    },
    {
      "text" : "Solo sabes hacer eso",
      "entities" : [
        {
          "entity" : "intent",
          "value" : "\"I_Identidad\""
        },
        {
          "entity" : "E_Identidad",
          "value" : "\"Solo sabes hacer eso\"",
          "start" : 0,
          "end" : 20
        }
      ]
    },
    {
      "text" : "Vzf",
      "entities" : [
        {
          "entity" : "intent",
          "value" : "\"I_Noentiendo\""
        }
      ]
    },
    {
      "text" : "Xsd",
      "entities" : [
        {
          "entity" : "intent",
          "value" : "\"I_Noentiendo\""
        }
      ]
    },
    {
      "text" : "Y a que te dedicas?",
      "entities" : [
        {
          "entity" : "intent",
          "value" : "\"I_Identidad\""
        },
        {
          "entity" : "E_Identidad",
          "value" : "\"A que te dedicas\"",
          "start" : 2,
          "end" : 18
        }
      ]
    },
    {
      "text" : "Y como esta el aire en la Magdalena contreras?",
      "entities" : [
        {
          "entity" : "intent",
          "value" : "\"I_CalidadAire\""
        },
        {
          "entity" : "E_CalidadAire",
          "value" : "\"aire\"",
          "start" : 15,
          "end" : 19
        },
        {
          "entity" : "ubicaciones",
          "value" : "\"magdalena contreras\"",
          "start" : 26,
          "end" : 45
        }
      ]
    },
    {
      "text" : "Y cual es la calidad del aire exactamente en la gustavo a madero",
      "entities" : [
        {
          "entity" : "intent",
          "value" : "\"I_CalidadAire\""
        },
        {
          "entity" : "E_CalidadAire",
          "value" : "\"calidad del aire\"",
          "start" : 13,
          "end" : 29
        },
        {
          "entity" : "ubicaciones",
          "value" : "\"gustavo a madero\"",
          "start" : 48,
          "end" : 64
        }
      ]
    },
    {
      "text" : "Y el clima en tlalpan?",
      "entities" : [
        {
          "entity" : "intent",
          "value" : "\"I_CalidadAire\""
        },
        {
          "entity" : "ubicaciones",
          "value" : "\"tlalpan\"",
          "start" : 14,
          "end" : 21
        }
      ]
    },
    {
      "text" : "Y en la Delegación Iztapalapa como estará el aire?",
      "entities" : [
        {
          "entity" : "intent",
          "value" : "\"I_CalidadAire\""
        },
        {
          "entity" : "ubicaciones",
          "value" : "\"iztapalapa\"",
          "start" : 19,
          "end" : 29
        },
        {
          "entity" : "E_CalidadAire",
          "value" : "\"aire\"",
          "start" : 45,
          "end" : 49
        }
      ]
    },
    {
      "text" : "Y es malo salir a la calle?",
      "entities" : [
        {
          "entity" : "intent",
          "value" : "\"I_CalidadAire\""
        },
        {
          "entity" : "actividadDeportiva",
          "value" : "\" salir a la calle\"",
          "start" : 10,
          "end" : 26
        }
      ]
    },
    {
      "text" : "adios",
      "entities" : [
        {
          "entity" : "intent",
          "value" : "\"I_Despedida\""
        },
        {
          "entity" : "E_Despedida",
          "value" : "\"adios\"",
          "start" : 0,
          "end" : 5
        }
      ]
    },
    {
      "text" : "ayudame"
    },
    {
      "text" : "buenas noches",
      "entities" : [
        {
          "entity" : "intent",
          "value" : "\"I_Saludo\""
        },
        {
          "entity" : "E_Saludo",
          "value" : "\"Buenas noches\"",
          "start" : 0,
          "end" : 12
        }
      ]
    },
    {
      "text" : "bye",
      "entities" : [
        {
          "entity" : "intent",
          "value" : "\"I_Despedida\""
        },
        {
          "entity" : "E_Despedida",
          "value" : "\"bye\"",
          "start" : 0,
          "end" : 3
        }
      ]
    },
    {
      "text" : "calidad aire",
      "entities" : [
        {
          "entity" : "intent",
          "value" : "\"I_CalidadAire\""
        },
        {
          "entity" : "E_CalidadAire",
          "value" : "\"calidad aire\"",
          "start" : 0,
          "end" : 12
        }
      ]
    },
    {
      "text" : "calidad del aire ahora",
      "entities" : [
        {
          "entity" : "intent",
          "value" : "\"I_CalidadAire\""
        },
        {
          "entity" : "E_CalidadAire",
          "value" : "\"calidad del aire\"",
          "start" : 0,
          "end" : 16
        }
      ]
    },
    {
      "text" : "chao",
      "entities" : [
        {
          "entity" : "intent",
          "value" : "\"I_Despedida\""
        },
        {
          "entity" : "E_Despedida",
          "value" : "\"chao\"",
          "start" : 0,
          "end" : 4
        }
      ]
    },
    {
      "text" : "como esta la calidad del aire en Nezahualcoyotl",
      "entities" : [
        {
          "entity" : "intent",
          "value" : "\"I_CalidadAire\""
        },
        {
          "entity" : "E_CalidadAire",
          "value" : "\"calidad del aire\"",
          "start" : 13,
          "end" : 29
        },
        {
          "entity" : "ubicaciones",
          "value" : "\"Nezahualcoyotl\"",
          "start" : 33,
          "end" : 47
        }
      ]
    },
    {
      "text" : "como estas",
      "entities" : [
        {
          "entity" : "intent",
          "value" : "\"I_Animo\""
        },
        {
          "entity" : "E_Animo",
          "value" : "\"como estas\"",
          "start" : 0,
          "end" : 10
        }
      ]
    },
    {
      "text" : "como estas?",
      "entities" : [
        {
          "entity" : "intent",
          "value" : "\"I_Identidad\""
        },
        {
          "entity" : "E_Identidad",
          "value" : "\"como estas?\"",
          "start" : 0,
          "end" : 11
        }
      ]
    },
    {
      "text" : "como te llamas",
      "entities" : [
        {
          "entity" : "intent",
          "value" : "\"I_Identidad\""
        },
        {
          "entity" : "E_Identidad",
          "value" : "\"Como te llamas\"",
          "start" : 0,
          "end" : 11
        }
      ]
    },
    {
      "text" : "como te llamas?",
      "entities" : [
        {
          "entity" : "intent",
          "value" : "\"I_Identidad\""
        },
        {
          "entity" : "E_Identidad",
          "value" : "\"Como te llamas\"",
          "start" : 0,
          "end" : 14
        }
      ]
    },
    {
      "text" : "cual es la calidad del aire en la CDMX",
      "entities" : [
        {
          "entity" : "intent",
          "value" : "\"I_CalidadAire\""
        },
        {
          "entity" : "E_CalidadAire",
          "value" : "\"calidad del aire\"",
          "start" : 11,
          "end" : 27
        },
        {
          "entity" : "ubicaciones",
          "value" : "\"CDMX\"",
          "start" : 34,
          "end" : 38
        }
      ]
    },
    {
      "text" : "cual es la condicion metereologica de ixtapaluca",
      "entities" : [
        {
          "entity" : "intent",
          "value" : "\"I_CalidadAire\""
        },
        {
          "entity" : "E_CalidadAire",
          "value" : "\"condicion metereologica\"",
          "start" : 11,
          "end" : 34
        },
        {
          "entity" : "ubicaciones",
          "value" : "\"ixtapaluca\"",
          "start" : 38,
          "end" : 48
        }
      ]
    },
    {
      "text" : "cual es la condicion metereologica en la cdmx",
      "entities" : [
        {
          "entity" : "intent",
          "value" : "\"I_CalidadAire\""
        },
        {
          "entity" : "E_CalidadAire",
          "value" : "\"condicion metereologica\"",
          "start" : 11,
          "end" : 34
        },
        {
          "entity" : "ubicaciones",
          "value" : "\"CDMX\"",
          "start" : 41,
          "end" : 45
        }
      ]
    },
    {
      "text" : "dame la condicion metereologica de la ciudad de mexico",
      "entities" : [
        {
          "entity" : "intent",
          "value" : "\"I_CalidadAire\""
        },
        {
          "entity" : "E_CalidadAire",
          "value" : "\"condicion metereologica\"",
          "start" : 8,
          "end" : 31
        },
        {
          "entity" : "ubicaciones",
          "value" : "\"CDMX\"",
          "start" : 38,
          "end" : 53
        }
      ]
    },
    {
      "text" : "en la delegacion Iztacalco,es recomendable hacer ejercicio al aire libre ?",
      "entities" : [
        {
          "entity" : "intent",
          "value" : "\"I_CalidadAire\""
        },
        {
          "entity" : "ubicaciones",
          "value" : "\"iztacalco\"",
          "start" : 17,
          "end" : 26
        },
        {
          "entity" : "actividadDeportiva",
          "value" : "\"ejercitarme\"",
          "start" : 49,
          "end" : 72,
          "subentities" : [
            {
              "entity" : "E_CalidadAire",
              "value" : "\"cálidad del aire\"",
              "start" : 13,
              "end" : 23
            }
          ]
        }
      ]
    },
    {
      "text" : "en que me puedes apoyar",
      "entities" : [
        {
          "entity" : "intent",
          "value" : "\"I_Identidad\""
        },
        {
          "entity" : "E_Identidad",
          "value" : "\"en que me puedes apoyar\"",
          "start" : 0,
          "end" : 23
        }
      ]
    },
    {
      "text" : "en que me puedes ayudar",
      "entities" : [
        {
          "entity" : "intent",
          "value" : "\"I_Identidad\""
        },
        {
          "entity" : "E_Identidad",
          "value" : "\"En que me puedes ayudar\"",
          "start" : 0,
          "end" : 23
        }
      ]
    },
    {
      "text" : "es bueno o malo salir a la calle",
      "entities" : [
        {
          "entity" : "intent",
          "value" : "\"I_CalidadAire\""
        },
        {
          "entity" : "actividadDeportiva",
          "value" : "\" salir a la calle\"",
          "start" : 16,
          "end" : 32
        }
      ]
    },
    {
      "text" : "es recomendable hacer ejercicio al aire libre en la delegacion Iztacalco?",
      "entities" : [
        {
          "entity" : "intent",
          "value" : "\"I_CalidadAire\""
        },
        {
          "entity" : "actividadDeportiva",
          "value" : "\"ejercitarme\"",
          "start" : 22,
          "end" : 45
        },
        {
          "entity" : "ubicaciones",
          "value" : "\"iztacalco\"",
          "start" : 63,
          "end" : 72
        }
      ]
    },
    {
      "text" : "es recomendable salir a realizar ejercicio al aire libre en la delegacion iztapalapa?",
      "entities" : [
        {
          "entity" : "intent",
          "value" : "\"I_CalidadAire\""
        },
        {
          "entity" : "actividadDeportiva",
          "value" : "\"salir a realizar ejercicio\"",
          "start" : 16,
          "end" : 42
        },
        {
          "entity" : "E_CalidadAire",
          "value" : "\"aire libre\"",
          "start" : 46,
          "end" : 56
        },
        {
          "entity" : "ubicaciones",
          "value" : "\"iztapalapa\"",
          "start" : 74,
          "end" : 84
        }
      ]
    },
    {
      "text" : "es recomendable salir a realizar ejercicio al aire libre?",
      "entities" : [
        {
          "entity" : "intent",
          "value" : "\"I_CalidadAire\""
        },
        {
          "entity" : "actividadDeportiva",
          "value" : "\"salir a realizar ejercicio\"",
          "start" : 16,
          "end" : 42
        },
        {
          "entity" : "E_CalidadAire",
          "value" : "\"cálidad del aire\"",
          "start" : 46,
          "end" : 56
        }
      ]
    },
    {
      "text" : "es recomendable salir a realizar ejercicio?",
      "entities" : [
        {
          "entity" : "intent",
          "value" : "\"I_CalidadAire\""
        },
        {
          "entity" : "actividadDeportiva",
          "value" : "\"ejercitarme\"",
          "start" : 16,
          "end" : 42
        }
      ]
    },
    {
      "text" : "es recomendable usar proteccion solar?",
      "entities" : [
        {
          "entity" : "intent",
          "value" : "\"I_CalidadAire\""
        },
        {
          "entity" : "E_CalidadAire",
          "value" : "\"radiacion\"",
          "start" : 21,
          "end" : 37
        }
      ]
    },
    {
      "text" : "estas triste?",
      "entities" : [
        {
          "entity" : "intent",
          "value" : "\"I_Animo\""
        },
        {
          "entity" : "E_Animo",
          "value" : "\"estas triste\"",
          "start" : 0,
          "end" : 12
        }
      ]
    },
    {
      "text" : "gracias por la atencion"
    },
    {
      "text" : "gracias por la atencion brindada"
    },
    {
      "text" : "gracias por la atención brindada"
    },
    {
      "text" : "hola",
      "entities" : [
        {
          "entity" : "intent",
          "value" : "\"I_Saludo\""
        },
        {
          "entity" : "E_Saludo",
          "value" : "\"hola\"",
          "start" : 0,
          "end" : 4
        }
      ]
    },
    {
      "text" : "la calidad del aire es buena para salir en bici",
      "entities" : [
        {
          "entity" : "intent",
          "value" : "\"I_CalidadAire\""
        },
        {
          "entity" : "E_CalidadAire",
          "value" : "\"calidad del aire\"",
          "start" : 3,
          "end" : 19
        },
        {
          "entity" : "actividadDeportiva",
          "value" : "\"andar en bicicleta\"",
          "start" : 43,
          "end" : 47
        }
      ]
    },
    {
      "text" : "me puedes decir la calidad del aire",
      "entities" : [
        {
          "entity" : "intent",
          "value" : "\"I_CalidadAire\""
        },
        {
          "entity" : "E_CalidadAire",
          "value" : "\"calidad del aire\"",
          "start" : 19,
          "end" : 35
        }
      ]
    },
    {
      "text" : "mi abuelito puede salir a caminar en la CDMX",
      "entities" : [
        {
          "entity" : "intent",
          "value" : "\"I_CalidadAire\""
        },
        {
          "entity" : "actividadDeportiva",
          "value" : "\"caminar\"",
          "start" : 26,
          "end" : 33
        },
        {
          "entity" : "ubicaciones",
          "value" : "\"CDMX\"",
          "start" : 40,
          "end" : 44
        }
      ]
    },
    {
      "text" : "ok gracias",
      "entities" : [
        {
          "entity" : "intent",
          "value" : "\"I_Despedida\""
        }
      ]
    },
    {
      "text" : "ok, gracias"
    },
    {
      "text" : "ok.gracias"
    },
    {
      "text" : "pinche bot pendejo",
      "entities" : [
        {
          "entity" : "intent",
          "value" : "\"I_Noentiendo\""
        }
      ]
    },
    {
      "text" : "puedes ayudarme con mi tarea?",
      "entities" : [
        {
          "entity" : "intent",
          "value" : "\"I_Noentiendo\""
        }
      ]
    },
    {
      "text" : "puedo salir a correr en iztapalapa",
      "entities" : [
        {
          "entity" : "intent",
          "value" : "\"I_CalidadAire\""
        },
        {
          "entity" : "actividadDeportiva",
          "value" : "\"salir a correr\"",
          "start" : 6,
          "end" : 20
        },
        {
          "entity" : "ubicaciones",
          "value" : "\"iztapalapa\"",
          "start" : 24,
          "end" : 34
        }
      ]
    },
    {
      "text" : "que me ves",
      "entities" : [
        {
          "entity" : "intent",
          "value" : "\"I_Noentiendo\""
        }
      ]
    },
    {
      "text" : "que tal esta la calidad del aire?",
      "entities" : [
        {
          "entity" : "intent",
          "value" : "\"I_CalidadAire\""
        },
        {
          "entity" : "E_Saludo",
          "value" : "\"Que tal\"",
          "start" : 0,
          "end" : 7
        },
        {
          "entity" : "E_CalidadAire",
          "value" : "\"calidad del aire\"",
          "start" : 16,
          "end" : 32
        }
      ]
    },
    {
      "text" : "que tal la calidad del aire",
      "entities" : [
        {
          "entity" : "intent",
          "value" : "\"I_CalidadAire\""
        },
        {
          "entity" : "E_CalidadAire",
          "value" : "\"calidad del aire\"",
          "start" : 11,
          "end" : 27
        }
      ]
    },
    {
      "text" : "que tal la calidad del aire?",
      "entities" : [
        {
          "entity" : "intent",
          "value" : "\"I_CalidadAire\""
        },
        {
          "entity" : "E_Saludo",
          "value" : "\"Que tal\"",
          "start" : 0,
          "end" : 7
        },
        {
          "entity" : "E_CalidadAire",
          "value" : "\"calidad del aire\"",
          "start" : 11,
          "end" : 27
        }
      ]
    },
    {
      "text" : "que tal la contaminacion en la CDMX",
      "entities" : [
        {
          "entity" : "intent",
          "value" : "\"I_CalidadAire\""
        },
        {
          "entity" : "E_CalidadAire",
          "value" : "\"calidad del aire\"",
          "start" : 11,
          "end" : 24
        },
        {
          "entity" : "ubicaciones",
          "value" : "\"CDMX\"",
          "start" : 31,
          "end" : 35
        }
      ]
    },
    {
      "text" : "que tan fuerte esta la radiacion solar?",
      "entities" : [
        {
          "entity" : "intent",
          "value" : "\"I_CalidadAire\""
        },
        {
          "entity" : "E_CalidadAire",
          "value" : "\"radiacion solar\"",
          "start" : 23,
          "end" : 38
        }
      ]
    },
    {
      "text" : "quisiera saber cual es la calidad del aire adios",
      "entities" : [
        {
          "entity" : "intent",
          "value" : "\"I_CalidadAire\""
        },
        {
          "entity" : "E_CalidadAire",
          "value" : "\"calidad del aire\"",
          "start" : 26,
          "end" : 42
        }
      ]
    },
    {
      "text" : "saldre a correr o me recomiendas otra actividad?",
      "entities" : [
        {
          "entity" : "intent",
          "value" : "\"I_CalidadAire\""
        },
        {
          "entity" : "actividadDeportiva",
          "value" : "\"salir a correr\"",
          "start" : 0,
          "end" : 15
        }
      ]
    },
    {
      "text" : "¡adios!",
      "entities" : [
        {
          "entity" : "intent",
          "value" : "\"I_Despedida\""
        },
        {
          "entity" : "E_Despedida",
          "value" : "\"¡adios!\"",
          "start" : 0,
          "end" : 7
        }
      ]
    },
    {
      "text" : "¿Como esta la calidad del aire en la CDMX?",
      "entities" : [
        {
          "entity" : "intent",
          "value" : "\"I_CalidadAire\""
        },
        {
          "entity" : "E_CalidadAire",
          "value" : "\"cálidad del aire\"",
          "start" : 14,
          "end" : 30
        },
        {
          "entity" : "ubicaciones",
          "value" : "\"CDMX\"",
          "start" : 37,
          "end" : 41
        }
      ]
    },
    {
      "text" : "¿Cuantos puntos de imecas hay?",
      "entities" : [
        {
          "entity" : "E_CalidadAire",
          "value" : "\"imecas\"",
          "start" : 9,
          "end" : 25
        }
      ]
    },
    {
      "text" : "¿Es mala la cálidad del aire?",
      "entities" : [
        {
          "entity" : "intent",
          "value" : "\"I_CalidadAire\""
        },
        {
          "entity" : "E_CalidadAire",
          "value" : "\"calidad del aire\"",
          "start" : 12,
          "end" : 28
        }
      ]
    },
    {
      "text" : "¿que haces?",
      "entities" : [
        {
          "entity" : "intent",
          "value" : "\"I_Identidad\""
        },
        {
          "entity" : "E_Identidad",
          "value" : "\"que haces\"",
          "start" : 1,
          "end" : 10
        }
      ]
    }
  ]
}