{
  "data" : [
    {
      "text" : "Adios",
      "entities" : [
        {
          "entity" : "intent",
          "value" : "\"getDespedida\""
        }
      ]
    },
    {
      "text" : "Hola",
      "entities" : [
        {
          "entity" : "intent",
          "value" : "\"getSaludo\""
        }
      ]
    },
    {
      "text" : "circular",
      "entities" : [
        {
          "entity" : "transito",
          "value" : "\"circular\"",
          "start" : 0,
          "end" : 8
        }
      ]
    },
    {
      "text" : "como esta la calidad del aire",
      "entities" : [
        {
          "entity" : "intent",
          "value" : "\"getCalidadAire\""
        },
        {
          "entity" : "pregunta",
          "value" : "\"como\"",
          "start" : 0,
          "end" : 4
        },
        {
          "entity" : "aire",
          "value" : "\"calidad del aire\"",
          "start" : 13,
          "end" : 29
        }
      ]
    },
    {
      "text" : "como estas",
      "entities" : [
        {
          "entity" : "intent",
          "value" : "\"getEstadodeAnimo\""
        },
        {
          "entity" : "pregunta",
          "value" : "\"como\"",
          "start" : 0,
          "end" : 4
        }
      ]
    },
    {
      "text" : "con los imecas que hay puedo hacer deporte",
      "entities" : [
        {
          "entity" : "intent",
          "value" : "\"getImecas\""
        },
        {
          "entity" : "pregunta",
          "value" : "\"puedo\"",
          "start" : 23,
          "end" : 28
        },
        {
          "entity" : "actividad",
          "value" : "\"deporte\"",
          "start" : 35,
          "end" : 42
        }
      ]
    },
    {
      "text" : "cual es la calidad del aire",
      "entities" : [
        {
          "entity" : "intent",
          "value" : "\"getCalidadAire\""
        }
      ]
    },
    {
      "text" : "cual es la calidad del aire en iztapalapa",
      "entities" : [
        {
          "entity" : "intent",
          "value" : "\"getCalidadAire\""
        },
        {
          "entity" : "pregunta",
          "value" : "\"cual\"",
          "start" : 0,
          "end" : 4
        },
        {
          "entity" : "aire",
          "value" : "\"calidad del aire\"",
          "start" : 11,
          "end" : 27
        },
        {
          "entity" : "location",
          "value" : "\"iztapalapa\"",
          "start" : 31,
          "end" : 41
        }
      ]
    },
    {
      "text" : "dame la cantidad de imecas",
      "entities" : [
        {
          "entity" : "intent",
          "value" : "\"getImecas\""
        }
      ]
    },
    {
      "text" : "dime si puedo realizar alguna actividad fisica en xochimilco",
      "entities" : [
        {
          "entity" : "intent",
          "value" : "\"getImecas\""
        },
        {
          "entity" : "pregunta",
          "value" : "\"puedo\"",
          "start" : 8,
          "end" : 13
        },
        {
          "entity" : "actividad",
          "value" : "\"actividad fisica\"",
          "start" : 30,
          "end" : 46
        },
        {
          "entity" : "location",
          "value" : "\"xochimilco\"",
          "start" : 50,
          "end" : 60
        }
      ]
    },
    {
      "text" : "iztapalapa calidad del aire",
      "entities" : [
        {
          "entity" : "intent",
          "value" : "\"getCalidadAire\""
        },
        {
          "entity" : "location",
          "value" : "\"iztapalapa\"",
          "start" : 0,
          "end" : 10
        },
        {
          "entity" : "aire",
          "value" : "\"calidad del aire\"",
          "start" : 11,
          "end" : 27
        }
      ]
    },
    {
      "text" : "porque hay doble no circula",
      "entities" : [
        {
          "entity" : "intent",
          "value" : "\"getImecas\""
        },
        {
          "entity" : "pregunta",
          "value" : "\"porque\"",
          "start" : 0,
          "end" : 6
        },
        {
          "entity" : "transito",
          "value" : "\"circula\"",
          "start" : 20,
          "end" : 27
        }
      ]
    },
    {
      "text" : "puedo circular respecto a la cantidad de imecas que hay",
      "entities" : [
        {
          "entity" : "intent",
          "value" : "\"getImecas\""
        },
        {
          "entity" : "pregunta",
          "value" : "\"puedo\"",
          "start" : 0,
          "end" : 5
        }
      ]
    },
    {
      "text" : "¿cual es la calidad del aire?",
      "entities" : [
        {
          "entity" : "intent",
          "value" : "\"getCalidadAire\""
        }
      ]
    }
  ]
}